--! populate the flight database with sample entries

USE flight_db;
set autocommit=1;

--* Planes
INSERT INTO `Plane` (`ID`,`airlines`,`model`,`seats`,`capacity`,`manufactureYear`,`journeys`)
VALUES
('90001', 'Delta Air Lines', 'Boeing 737', '160', '5000', '2015', '237'),
('90002', 'American Airlines', 'Airbus A320', '180', '5500', '2017', '192'),
('90003', 'United Airlines', 'Boeing 787 Dreamliner', '240', '7000', '2016', '175'),
('90004', 'Southwest Airlines', 'Boeing 737', '150', '4800', '2014', '261'),
('90005', 'Lufthansa', 'Airbus A380', '480', '9000', '2013', '128'),
('90006', 'Emirates', 'Boeing 777', '350', '7500', '2019', '83'),
('90007', 'Air France', 'Airbus A350', '300', '7200', '2018', '97'),
('90008', 'British Airways', 'Boeing 747', '400', '8200', '2012', '163'),
('90009', 'Qantas', 'Airbus A380', '480', '9000', '2015', '135'),
('90010', 'Singapore Airlines', 'Airbus A350', '330', '7700', '2017', '122');

--* Pilots
INSERT INTO `Pilot` (`ID`,`fName`,`lName`,`age`,`gender`,`nationality`, `flightCount`)
VALUES
('20001', 'Olivia', 'Smith', '32', 'Female', 'Australian', '454'),
('20002', 'William', 'Johnson', '29', 'Male', 'Australian', '322'),
('20003', 'Amelia', 'Brown', '35', 'Female', 'Australian', '484'),
('20004', 'James', 'Davis', '31', 'Male', 'Australian', '346'),
('20005', 'Charlotte', 'Wilson', '28', 'Female', 'Australian', '304'),
('20006', 'Liam', 'Taylor', '33', 'Male', 'Australian', '370'),
('20007', 'Ava', 'Jones', '30', 'Female', 'American', '355'),
('20008', 'Noah', 'Anderson', '34', 'Male', 'American', '406'),
('20009', 'Sophia', 'Martin', '29', 'Female', 'Canadian', '321'),
('20010', 'Ethan', 'Garcia', '32', 'Male', 'Canadian', '355'),
('20011', 'Isabella', 'Martinez', '27', 'Female', 'Mexican', '287'),
('20012', 'Lucas', 'Rodriguez', '30', 'Male', 'Mexican', '306'),
('20013', 'Mia', 'Kim', '31', 'Female', 'Korean', '329'),
('20014', 'Logan', 'Lee', '29', 'Male', 'Korean', '291'),
('20015', 'Harper', 'Johnson', '34', 'Female', 'British', '378'),
('20016', 'Mason', 'Williams', '33', 'Male', 'British', '363'),
('20017', 'Ella', 'Harris', '28', 'Female', 'French', '313'),
('20018', 'Oliver', 'Brown', '31', 'Male', 'French', '339'),
('20019', 'Aiden', 'Smith', '29', 'Male', 'German', '302'),
('20020', 'Emma', 'Davis', '32', 'Female', 'German', '323');

--* Crew
INSERT INTO `Crew` (`ID`,`pilotID`,`coPilotID`)
VALUES
('10001', '20001', '20002'),
('10002', '20016', '20006'),
('10003', '20002', '20009'),
('10004', '20013', '20010'),
('10005', '20005', '20012'),
('10006', '20007', '20015'),
('10007', '20003', '20014'),
('10008', '20008', '20001'),
('10009', '20011', '20019'),
('10010', '20020', '20017'),
('10011', '20018', '20012'),
('10012', '20006', '20005'),
('10013', '20004', '20011'),
('10014', '20006', '20007'),
('10015', '20012', '20009'),
('10016', '20018', '20004'),
('10017', '20019', '20006'),
('10018', '20006', '20001'),
('10019', '20008', '20016'),
('10020', '20005', '20003');

--* Flights
INSERT INTO `Flight` (`ID`,`planeID`,`crewID`,`departure`,`destination`,`takeOffTime`,`takeOffDate`,`duration`,`routeType`,`hasVIP`,`hasFood`)
VALUES
('00001', '90006', '10010', 'Beijing', 'Shanghai', '08:30:00', '2023-11-01', '01:30:00', 'domestic', '1', '1'),
('00002', '90002', '10014', 'Paris', 'Rome', '09:45:00', '2023-11-01', '01:30:00', 'international', '0', '0'),
('00003', '90007', '10005', 'Los Angeles', 'New York', '10:00:00', '2023-11-01', '03:00:00', 'domestic', '1', '1'),
('00004', '90001', '10006', 'Tokyo', 'Seoul', '10:30:00', '2023-11-01', '02:00:00', 'international', '0', '1'),
('00005', '90008', '10018', 'London', 'Berlin', '11:00:00', '2023-11-01', '02:00:00', 'international', '0', '1'),
('00006', '90003', '10015', 'Sydney', 'Melbourne', '11:30:00', '2023-11-01', '01:45:00', 'domestic', '0', '0'),
('00007', '90010', '10013', 'New York', 'Los Angeles', '12:00:00', '2023-11-01', '04:30:00', 'domestic', '1', '1'),
('00008', '90005', '10008', 'Paris', 'Rome', '12:30:00', '2023-11-01', '02:30:00', 'international', '1', '0'),
('00009', '90006', '10010', 'Beijing', 'Shanghai', '13:00:00', '2023-11-01', '01:30:00', 'domestic', '1', '0'),
('00010', '90002', '10016', 'Berlin', 'London', '13:30:00', '2023-11-01', '02:00:00', 'international', '0', '1'),
('00011', '90007', '10001', 'Los Angeles', 'New York', '14:00:00', '2023-11-01', '03:00:00', 'domestic', '0', '0'),
('00012', '90001', '10006', 'Tokyo', 'Seoul', '14:30:00', '2023-11-01', '02:00:00', 'international', '1', '1'),
('00013', '90008', '10014', 'London', 'Paris', '15:00:00', '2023-11-01', '01:30:00', 'international', '0', '0'),
('00014', '90003', '10019', 'Sydney', 'Melbourne', '15:30:00', '2023-11-01', '01:45:00', 'domestic', '1', '1'),
('00015', '90010', '10012', 'New York', 'Los Angeles', '16:00:00', '2023-11-01', '04:30:00', 'domestic', '0', '1'),
('00016', '90005', '10017', 'Paris', 'Rome', '16:30:00', '2023-11-01', '02:30:00', 'international', '0', '1'),
('00017', '90006', '10010', 'Beijing', 'Shanghai', '17:00:00', '2023-11-01', '01:30:00', 'domestic', '0', '0'),
('00018', '90002', '10011', 'London', 'Paris', '17:30:00', '2023-11-01', '01:30:00', 'international', '1', '1'),
('00019', '90007', '10006', 'Los Angeles', 'New York', '18:00:00', '2023-11-01', '02:30:00', 'domestic', '0', '0'),
('00020', '90001', '10009', 'Tokyo', 'Seoul', '18:30:00', '2023-11-01', '02:30:00', 'international', '0', '1'),
('00021', '90008', '10019', 'London', 'Paris', '19:00:00', '2023-11-01', '01:30:00', 'international', '0', '1'),
('00022', '90003', '10010', 'Sydney', 'Melbourne', '19:30:00', '2023-11-01', '01:45:00', 'domestic', '0', '0'),
('00023', '90010', '10020', 'New York', 'Los Angeles', '20:00:00', '2023-11-01', '04:30:00', 'domestic', '1', '1'),
('00024', '90005', '10015', 'Paris', 'Rome', '20:30:00', '2023-11-01', '02:30:00', 'international', '0', '1'),
('00025', '90006', '10011', 'Beijing', 'Shanghai', '21:00:00', '2023-11-01', '01:30:00', 'domestic', '0', '1'),
('00026', '90002', '10012', 'London', 'Paris', '21:30:00', '2023-11-01', '01:30:00', 'international', '0', '0'),
('00027', '90007', '10013', 'Los Angeles', 'New York', '22:00:00', '2023-11-01', '02:30:00', 'domestic', '1', '1'),
('00028', '90001', '10014', 'Tokyo', 'Seoul', '22:30:00', '2023-11-01', '02:00:00', 'international', '0', '0'),
('00029', '90008', '10010', 'London', 'Paris', '23:00:00', '2023-11-01', '01:30:00', 'international', '1', '1'),
('00030', '90003', '10011', 'Sydney', 'Melbourne', '23:30:00', '2023-11-01', '01:45:00', 'domestic', '0', '1'),
('00031', '90010', '10015', 'New York', 'Los Angeles', '00:00:00', '2023-11-02', '04:30:00', 'domestic', '0', '1'),
('00032', '90005', '10016', 'Paris', 'Rome', '00:30:00', '2023-11-02', '02:30:00', 'international', '1', '0'),
('00033', '90006', '10018', 'Beijing', 'Shanghai', '01:00:00', '2023-11-02', '01:30:00', 'domestic', '0', '0'),
('00034', '90002', '10017', 'London', 'Paris', '01:30:00', '2023-11-02', '01:30:00', 'international', '1', '1'),
('00035', '90007', '10019', 'Los Angeles', 'New York', '02:00:00', '2023-11-02', '02:30:00', 'domestic', '0', '0'),
('00036', '90001', '10020', 'Tokyo', 'Seoul', '02:30:00', '2023-11-02', '02:00:00', 'international', '0', '1'),
('00037', '90008', '10013', 'London', 'Paris', '03:00:00', '2023-11-02', '01:30:00', 'international', '0', '1'),
('00038', '90003', '10014', 'Sydney', 'Melbourne', '03:30:00', '2023-11-02', '01:45:00', 'domestic', '1', '1'),
('00039', '90010', '10012', 'New York', 'Los Angeles', '04:00:00', '2023-11-02', '04:30:00', 'domestic', '0', '1'),
('00040', '90005', '10009', 'Paris', 'Rome', '04:30:00', '2023-11-02', '02:30:00', 'international', '0', '0'),
('00041', '90006', '10010', 'Beijing', 'Shanghai', '05:00:00', '2023-11-02', '01:30:00', 'domestic', '1', '1'),
('00042', '90002', '10016', 'London', 'Paris', '05:30:00', '2023-11-02', '01:30:00', 'international', '0', '1'),
('00043', '90007', '10015', 'Los Angeles', 'New York', '06:00:00', '2023-11-02', '02:30:00', 'domestic', '0', '0'),
('00044', '90002', '10009', 'Los Angeles', 'New York', '08:30:00', '2023-11-03', '05:30:00', 'domestic', '0', '1'),
('00045', '90008', '10006', 'London', 'Paris', '10:15:00', '2023-11-03', '01:30:00', 'international', '0', '1'),
('00046', '90007', '10015', 'Tokyo', 'Seoul', '09:45:00', '2023-11-03', '02:30:00', 'international', '0', '0'),
('00047', '90003', '10017', 'Los Angeles', 'San Francisco', '08:00:00', '2023-11-03', '01:15:00', 'domestic', '1', '1'),
('00048', '90010', '10004', 'Sydney', 'Melbourne', '11:00:00', '2023-11-03', '01:45:00', 'domestic', '0', '1'),
('00049', '90009', '10005', 'Paris', 'Amsterdam', '09:30:00', '2023-11-03', '01:45:00', 'international', '0', '0'),
('00050', '90001', '10008', 'Chicago', 'Miami', '07:45:00', '2023-11-03', '03:00:00', 'domestic', '1', '1'),
('00051', '90004', '10002', 'Berlin', 'Vienna', '10:30:00', '2023-11-03', '01:45:00', 'international', '0', '1'),
('00052', '90006', '10011', 'Beijing', 'Shanghai', '09:15:00', '2023-11-03', '02:00:00', 'international', '0', '0'),
('00053', '90005', '10013', 'Rome', 'Barcelona', '08:30:00', '2023-11-03', '01:30:00', 'international', '0', '1'),
('00054', '90006', '10006', 'Los Angeles', 'San Francisco', '12:00:00', '2023-11-03', '01:15:00', 'domestic', '0', '1'),
('00055', '90003', '10019', 'Seoul', 'Tokyo', '13:30:00', '2023-11-03', '02:30:00', 'international', '0', '0'),
('00056', '90007', '10012', 'Sydney', 'Brisbane', '10:15:00', '2023-11-03', '02:00:00', 'domestic', '1', '1'),
('00057', '90008', '10015', 'Vienna', 'Zurich', '11:45:00', '2023-11-03', '01:30:00', 'international', '0', '0'),
('00058', '90004', '10020', 'Paris', 'Barcelona', '12:30:00', '2023-11-03', '01:45:00', 'international', '0', '1'),
('00059', '90005', '10014', 'Melbourne', 'Moscow', '16:30:00', '2023-11-03', '14:45:00', 'international', '1', '1'),
('00060', '90009', '10018', 'New York', 'Miami', '12:30:00', '2023-11-03', '02:45:00', 'domestic', '0', '0'),
('00061', '90002', '10013', 'Beijing', 'Shanghai', '09:15:00', '2023-11-04', '02:00:00', 'international', '0', '1'),
('00062', '90003', '10011', 'Seoul', 'Tokyo', '13:30:00', '2023-11-04', '02:30:00', 'international', '1', '0'),
('00063', '90007', '10014', 'Sydney', 'Brisbane', '10:15:00', '2023-11-04', '02:00:00', 'domestic', '0', '1'),
('00064', '90009', '10012', 'Vienna', 'Zurich', '11:45:00', '2023-11-04', '01:30:00', 'international', '0', '0'),
('00065', '90005', '10019', 'Paris', 'Barcelona', '12:30:00', '2023-11-04', '01:45:00', 'international', '0', '1'),
('00066', '90006', '10016', 'Melbourne', 'Moscow', '16:30:00', '2023-11-04', '14:45:00', 'international', '1', '1'),
('00067', '90008', '10018', 'New York', 'Miami', '12:30:00', '2023-11-04', '02:45:00', 'domestic', '0', '0'),
('00068', '90002', '10016', 'Beijing', 'Shanghai', '09:15:00', '2023-11-05', '02:00:00', 'international', '0', '1'),
('00069', '90003', '10018', 'Seoul', 'Tokyo', '13:30:00', '2023-11-05', '02:30:00', 'international', '0', '1'),
('00070', '90007', '10014', 'Sydney', 'Brisbane', '10:15:00', '2023-11-05', '02:00:00', 'domestic', '1', '1'),
('00071', '90009', '10012', 'Vienna', 'Zurich', '11:45:00', '2023-11-05', '01:30:00', 'international', '0', '0'),
('00072', '90005', '10015', 'Paris', 'Barcelona', '12:30:00', '2023-11-05', '01:45:00', 'international', '0', '1'),
('00073', '90006', '10019', 'Melbourne', 'Moscow', '16:30:00', '2023-11-05', '14:45:00', 'international', '0', '1'),
('00074', '90008', '10013', 'New York', 'Miami', '12:30:00', '2023-11-05', '02:45:00', 'domestic', '0', '1'),
('00075', '90002', '10020', 'Beijing', 'Shanghai', '09:15:00', '2023-11-06', '02:00:00', 'international', '0', '0'),
('00076', '90003', '10017', 'Seoul', 'Tokyo', '13:30:00', '2023-11-06', '02:30:00', 'international', '1', '0'),
('00077', '90007', '10016', 'Sydney', 'Brisbane', '10:15:00', '2023-11-06', '02:00:00', 'domestic', '0', '1'),
('00078', '90009', '10014', 'Vienna', 'Zurich', '11:45:00', '2023-11-06', '01:30:00', 'international', '0', '1'),
('00079', '90005', '10019', 'Paris', 'Barcelona', '12:30:00', '2023-11-06', '01:45:00', 'international', '0', '0'),
('00080', '90006', '10020', 'Melbourne', 'Moscow', '16:30:00', '2023-11-06', '14:45:00', 'international', '0', '1'),
('00081', '90008', '10013', 'New York', 'Miami', '12:30:00', '2023-11-06', '02:45:00', 'domestic', '1', '1'),
('00082', '90002', '10018', 'Beijing', 'Shanghai', '09:15:00', '2023-11-07', '02:00:00', 'international', '0', '1'),
('00083', '90003', '10019', 'Seoul', 'Tokyo', '13:30:00', '2023-11-07', '02:30:00', 'international', '0', '0'),
('00084', '90007', '10017', 'Sydney', 'Brisbane', '10:15:00', '2023-11-07', '02:00:00', 'domestic', '0', '1'),
('00085', '90009', '10015', 'Vienna', 'Zurich', '11:45:00', '2023-11-07', '01:30:00', 'international', '1', '1');


--* AirStaff
INSERT INTO `AirStaff` (`ID`,`crewID`,`fName`,`lName`,`age`,`gender`,`nativeLanguage`) 
VALUES
('30001', '10015', 'Alice', 'Smith', '28', 'Female', 'English'),
('30002', '10001', 'Ivgor', 'Yuliyanta', '34', 'Male', 'Russian'),
('30003', '10006', 'Charlie', 'Wilson', '29', 'Male', 'English'),
('30004', '10015', 'David', 'Brown', '27', 'Male', 'English'),
('30005', '10011', 'Eva', 'Martinez', '32', 'Female', 'Spanish'),
('30006', '10012', 'Amina', 'Khan', '26', 'Female', 'Urdu'),
('30007', '10019', 'Sofia', 'Fernandez', '30', 'Female', 'Spanish'),
('30008', '10007', 'Liam', 'Garcia', '31', 'Male', 'Spanish'),
('30009', '10015', 'Noah', 'Silva', '27', 'Male', 'Spanish'),
('30010', '10004', 'Olivia', 'Gonzalez', '25', 'Female', 'Spanish'),
('30011', '10013', 'Jacob', 'Reyes', '33', 'Male', 'Spanish'),
('30012', '10006', 'Emma', 'Anderson', '26', 'Female', 'English'),
('30013', '10019', 'Mia', 'Wang', '29', 'Female', 'Chinese'),
('30014', '10012', 'Ethan', 'Walker', '30', 'Male', 'English'),
('30015', '10007', 'Oliver', 'Perez', '31', 'Male', 'Spanish'),
('30016', '10014', 'Ava', 'Lopez', '27', 'Female', 'Spanish'),
('30017', '10005', 'Isabella', 'Hernandez', '28', 'Female', 'Spanish'),
('30018', '10018', 'Liam', 'Adams', '32', 'Male', 'English'),
('30019', '10014', 'Lucas', 'Rossi', '33', 'Male', 'Italian'),
('30020', '10019', 'Sophia', 'Mueller', '26', 'Female', 'German'),
('30021', '10008', 'Michael', 'Alonso', '30', 'Male', 'Spanish'),
('30022', '10003', 'Luna', 'Santos', '25', 'Female', 'Spanish'),
('30023', '10020', 'Mason', 'Castillo', '31', 'Male', 'Spanish'),
('30024', '10011', 'Aria', 'Torres', '29', 'Female', 'Spanish'),
('30025', '10005', 'Alexander', 'Fischer', '28', 'Male', 'German'),
('30026', '10017', 'Aiden', 'Liu', '27', 'Male', 'Chinese'),
('30027', '10013', 'Camila', 'Kumar', '26', 'Female', 'Hindi'),
('30028', '10002', 'Luke', 'Lee', '32', 'Male', 'Korean'),
('30029', '10008', 'Elizabeth', 'Diaz', '33', 'Female', 'Spanish'),
('30030', '10020', 'Daniel', 'Gutierrez', '30', 'Male', 'Spanish'),
('30031', '10010', 'Layla', 'Hoffmann', '31', 'Female', 'German'),
('30032', '10016', 'Matthew', 'Chen', '27', 'Male', 'Chinese'),
('30033', '10018', 'Avery', 'Nguyen', '25', 'Female', 'Vietnamese'),
('30034', '10004', 'Dylan', 'Kim', '29', 'Male', 'Korean'),
('30035', '10009', 'Sofia', 'Brown', '28', 'Female', 'English'),
('30036', '10009', 'Ryan', 'Zhang', '33', 'Male', 'Chinese'),
('30037', '10016', 'Victoria', 'Wang', '26', 'Female', 'Chinese'),
('30038', '10002', 'Logan', 'Gomez', '32', 'Male', 'Spanish'),
('30039', '10017', 'Chloe', 'Sullivan', '25', 'Female', 'English'),
('30040', '10010', 'Samuel', 'Rodriguez', '30', 'Male', 'Spanish'),
('30041', '10003', 'Madison', 'Gutierrez', '31', 'Female', 'Spanish'),
('30042', '10001', 'Jackson', 'Garcia', '27', 'Male', 'Spanish'),
('30043', '10011', 'Sophie', 'Chen', '29', 'Female', 'Chinese'),
('30044', '10016', 'David', 'Schneider', '28', 'Male', 'German'),
('30045', '10012', 'Asher', 'Fernandez', '33', 'Male', 'Spanish'),
('30046', '10007', 'Gabriella', 'Chan', '26', 'Female', 'Chinese'),
('30047', '10013', 'Benjamin', 'Sanchez', '32', 'Male', 'Spanish'),
('30048', '10018', 'Audrey', 'Ali', '25', 'Female', 'Arabic'),
('30049', '10009', 'Sebastian', 'Nguyen', '30', 'Male', 'Vietnamese'),
('30050', '10005', 'Paisley', 'Kumar', '31', 'Female', 'Hindi'),
('30051', '10010', 'John', 'Ahmed', '27', 'Male', 'Arabic'),
('30052', '10015', 'Sarah', 'Reyes', '32', 'Female', 'Spanish'),
('30053', '10011', 'Levi', 'Santos', '25', 'Male', 'Spanish'),
('30054', '10003', 'Stella', 'Patel', '26', 'Female', 'Hindi'),
('30055', '10001', 'James', 'Zhao', '31', 'Male', 'Chinese'),
('30056', '10006', 'Bella', 'Lee', '30', 'Female', 'Korean'),
('30057', '10018', 'Anthony', 'Mueller', '33', 'Male', 'German'),
('30058', '10012', 'Maya', 'Kumar', '28', 'Female', 'Hindi'),
('30059', '10017', 'Carter', 'Hernandez', '29', 'Male', 'Spanish'),
('30060', '10020', 'Hannah', 'Khan', '27', 'Female', 'Urdu'),
('30061', '10001', 'Owen', 'Fischer', '26', 'Male', 'German'),
('30062', '10007', 'Zoe', 'Mueller', '31', 'Female', 'German'),
('30063', '10016', 'Henry', 'Sullivan', '30', 'Male', 'English'),
('30064', '10019', 'Mila', 'Adams', '33', 'Female', 'English'),
('30065', '10003', 'Eli', 'Gutierrez', '25', 'Male', 'Spanish'),
('30066', '10009', 'Ariana', 'Rossi', '32', 'Female', 'Italian'),
('30067', '10015', 'Luke', 'Fernandez', '29', 'Male', 'Spanish'),
('30068', '10005', 'Maya', 'Lopez', '28', 'Female', 'Spanish'),
('30069', '10010', 'William', 'Wang', '27', 'Male', 'Chinese'),
('30070', '10014', 'Luna', 'Garcia', '26', 'Female', 'Spanish'),
('30071', '10017', 'Gabriel', 'Smith', '31', 'Male', 'English'),
('30072', '10008', 'Zoe', 'Chen', '30', 'Female', 'Chinese'),
('30073', '10006', 'Santiago', 'Martinez', '33', 'Male', 'Spanish'),
('30074', '10013', 'Arianna', 'Kumar', '25', 'Female', 'Hindi'),
('30075', '10018', 'Jayden', 'Lee', '32', 'Male', 'Korean'),
('30076', '10012', 'Penelope', 'Brown', '29', 'Female', 'English'),
('30077', '10001', 'Dylan', 'Garcia', '28', 'Male', 'Spanish'),
('30078', '10009', 'Grace', 'Gutierrez', '27', 'Female', 'Spanish'),
('30079', '10005', 'Joseph', 'Wang', '26', 'Male', 'Chinese'),
('30080', '10014', 'Chloe', 'Lopez', '31', 'Female', 'Spanish'),
('30081', '10006', 'Samuel', 'Silva', '30', 'Male', 'Spanish'),
('30082', '10015', 'Avery', 'Fischer', '33', 'Female', 'German'),
('30083', '10007', 'Emily', 'Mueller', '25', 'Female', 'German'),
('30084', '10010', 'David', 'Santos', '32', 'Male', 'Spanish'),
('30085', '10003', 'Scarlett', 'Fernandez', '29', 'Female', 'Spanish'),
('30086', '10018', 'Lucas', 'Adams', '28', 'Male', 'English'),
('30087', '10009', 'Emma', 'Rossi', '27', 'Female', 'Italian'),
('30088', '10011', 'Daniel', 'Wang', '26', 'Male', 'Chinese'),
('30089', '10004', 'Sofia', 'Lee', '31', 'Female', 'Korean'),
('30090', '10012', 'Carter', 'Kumar', '30', 'Male', 'Hindi'),
('30091', '10016', 'Mila', 'Alonso', '33', 'Female', 'Spanish'),
('30092', '10019', 'Luke', 'Chan', '25', 'Male', 'Chinese'),
('30093', '10014', 'Aria', 'Sanchez', '32', 'Female', 'Spanish'),
('30094', '10008', 'James', 'Ali', '29', 'Male', 'Arabic'),
('30095', '10005', 'Ariana', 'Nguyen', '28', 'Female', 'Vietnamese'),
('30096', '10013', 'William', 'Kumar', '27', 'Male', 'Hindi'),
('30097', '10017', 'Mia', 'Zhao', '26', 'Female', 'Chinese'),
('30098', '10001', 'Jayden', 'Gomez', '31', 'Male', 'Spanish'),
('30099', '10006', 'Ella', 'Sullivan', '30', 'Female', 'English'),
('30100', '10003', 'Caleb', 'Patel', '33', 'Male', 'Hindi');